2001 MARS ODYSSEY|ody

APOLLO 12|apollo_12
APOLLO 14|apollo_14
APOLLO 15|apollo_15
APOLLO 16|apollo_16
APOLLO 17|apollo_17

BEPICOLOMBO|bepicolombo
BRRISON|brrison

CASSINI-HUYGENS|cassini
CHANDRAYAAN-1|chandrayaan-1
COMET SL9/JUPITER COLLISION|sl9_collision
CONTOUR MISSION|con

DAWN MISSION TO VESTA AND CERES|dawn
DEEP IMPACT|deep_impact
DEEP SPACE 1|ds1
DEEP SPACE PROGRAM SCIENCE EXPERIMENT|clem1

EPOXI|epoxi
EXOMARS 2016|exomars

GALILEO|galileo
GEOLOGIC REMOTE SENSING FIELD EXPERIMENT|grsfe
GIOTTO|giotto
GIOTTO EXTENDED MISSION|gem
GRAVITY RECOVERY AND INTERIOR LABORATORY|grail

HAYABUSA|hay
HST|hst

INFRARED ASTRONOMICAL SATELLITE|iras
INTERNATIONAL COMETARY EXPLORER|ice
INTERNATIONAL HALLEY WATCH|ihw
INTERNATIONAL ROSETTA MISSION|rosetta
INTERNATIONAL ULTRAVIOLET EXPLORER|iue
IUE|iue

JUNO|juno

LUNAR CRATER OBSERVATION AND SENSING SATELLITE|lcross
LUNAR PROSPECTOR|lp
LUNAR RECONNAISSANCE ORBITER|lro

MAGELLAN|mgn

MARINER69|mariner69
MARINER71|mariner71
MARINER 10|m10

MARS EXPLORATION ROVER|mer
MARS EXPRESS|mex
MARS GLOBAL SURVEYOR|mgs
MARS OBSERVER|mo
MARS PATHFINDER|pathfinder
MARS RECONNAISSANCE ORBITER|mro
MARS SCIENCE LABORATORY|msl

MESSENGER|mess
MIDCOURSE SPACE EXPERIMENT|msx

NEAR EARTH ASTEROID RENDEZVOUS|near
NEW HORIZONS|nh
NEXT|next

PIONEER|pioneer
PIONEER 10|pioneer_10
PIONEER 11|pioneer_11

PIONEER VENUS|pioneer_venus
PHOBOS 2|phb2
PHOENIX|phx

SAKIGAKE|sakig
SMALL MISSIONS FOR ADVANCED RESEARCH AND TECHNOLOGY|smart
SOLAR AND HELIOSPHERIC OBSERVATORY|soho
STARDUST|sdu
SUISEI|suisei

ULYSSES|uly

VEGA 1|vega1
VEGA 2|vega2
VENUS CLIMATE ORBITER|vco
VENUS EXPRESS|vex
VIKING|viking
VOYAGER|voyager


GROUND BASED ATMOSPHERIC OBSERVATIONS|ground_based
EARTH|ground_based
PRE-MAGELLAN|ground_based
SUPPORT ARCHIVES|ground_based
