planetary system|planetary_system.solar_system
solar system|planetary_system.solar_system

mercury|planet.mercury
urn:nasa:pds:context:target:planet.mercury|planet.mercury
venus|planet.venus
earth|planet.earth
mars|planet.mars
urn:nasa:pds:context:target:planet.mars|planet.mars
jupiter|planet.jupiter
saturn|planet.saturn
uranus|planet.uranus
neptune|planet.neptune

j rings|ring.jupiter.j_rings
s rings|ring.saturn.s_rings
n rings|ring.neptune.n_rings
u rings|ring.uranus.u_rings

moon|satellite.earth.moon
urn:nasa:pds:context:target:satellite.moon|satellite.earth.moon

phobos|satellite.mars.phobos
m1 phobos|satellite.mars.phobos
urn:nasa:pds:context:target:satellite.phobos|satellite.mars.phobos
deimos|satellite.mars.deimos
m2 deimos|satellite.mars.deimos

metis|satellite.jupiter.metis
adrastea|satellite.jupiter.adrastea
amalthea|satellite.jupiter.amalthea
j5 amalthea|satellite.jupiter.amalthea
thebe|satellite.jupiter.thebe
io|satellite.jupiter.io
j1 io|satellite.jupiter.io
europa|satellite.jupiter.europa
j2 europa|satellite.jupiter.europa
ganymede|satellite.jupiter.ganymede
callisto|satellite.jupiter.callisto
themisto|satellite.jupiter.themisto
leda|satellite.jupiter.leda
himalia|satellite.jupiter.himalia
j6 himalia|satellite.jupiter.himalia
ersa|satellite.jupiter.ersa
pandia|satellite.jupiter.pandia
lysithea|satellite.jupiter.lysithea
elara|satellite.jupiter.elara
j7 elara|satellite.jupiter.elara
dia|satellite.jupiter.dia
carpo|satellite.jupiter.carpo
valetudo|satellite.jupiter.valetudo
euporie|satellite.jupiter.euporie
euanthe|satellite.jupiter.euanthe
orthosie|satellite.jupiter.orthosie
thyone|satellite.jupiter.thyone
mneme|satellite.jupiter.mneme
harpalyke|satellite.jupiter.harpalyke
hermippe|satellite.jupiter.hermippe
praxidike|satellite.jupiter.praxidike
thelxinoe|satellite.jupiter.thelxinoe
eupheme|satellite.jupiter.eupheme
helike|satellite.jupiter.helike
iocaste|satellite.jupiter.iocaste
ananke|satellite.jupiter.ananke
arche|satellite.jupiter.arche
pasithee|satellite.jupiter.pasithee
herse|satellite.jupiter.herse
chaldene|satellite.jupiter.chaldene
kale|satellite.jupiter.kale
isonoe|satellite.jupiter.isonoe
aitne|satellite.jupiter.aitne
erinome|satellite.jupiter.erinome
taygete|satellite.jupiter.taygete
carme|satellite.jupiter.carme
kalyke|satellite.jupiter.kalyke
eukelade|satellite.jupiter.eukelade
eirene|satellite.jupiter.eirene
kallichore|satellite.jupiter.kallichore
philophrosyne|satellite.jupiter.philophrosyne
eurydome|satellite.jupiter.eurydome
autonoe|satellite.jupiter.autonoe
sponde|satellite.jupiter.sponde
pasiphae|satellite.jupiter.pasiphae
megaclite|satellite.jupiter.megaclite
sinope|satellite.jupiter.sinope
hegemone|satellite.jupiter.hegemone
aoede|satellite.jupiter.aoede
callirrhoe|satellite.jupiter.callirrhoe
j17 callirrhoe|satellite.jupiter.callirrhoe
cyllene|satellite.jupiter.cyllene
kore|satellite.jupiter.kore

pan|satellite.saturn.pan
daphnis|satellite.saturn.daphnis
atlas|satellite.saturn.atlas
prometheus|satellite.saturn.prometheus
pandora|satellite.saturn.pandora
epimetheus|satellite.saturn.epimetheus
s11 epimetheus|satellite.saturn.epimetheus
janus|satellite.saturn.janus
aegaeon|satellite.saturn.aegaeon
mimas|satellite.saturn.mimas
s1 mimas|satellite.saturn.mimas
methone|satellite.saturn.methone
anthe|satellite.saturn.anthe
pallene|satellite.saturn.pallene
enceladus|satellite.saturn.enceladus
tethys|satellite.saturn.tethys
s3 tethys|satellite.saturn.tethys
telesto|satellite.saturn.telesto
calypso|satellite.saturn.calypso
polydeuces|satellite.saturn.polydeuces
dione|satellite.saturn.dione
s4 dione|satellite.saturn.dione
helene|satellite.saturn.helene
dione b|satellite.saturn.helene
rhea|satellite.saturn.rhea
titan|satellite.saturn.titan
hyperion|satellite.saturn.hyperion
s7 hyperion|satellite.saturn.hyperion
iapetus|satellite.saturn.iapetus
kiviuq|satellite.saturn.kiviuq
ijiraq|satellite.saturn.ijiraq
phoebe|satellite.saturn.phoebe
s9 phoebe|satellite.saturn.phoebe
paaliaq|satellite.saturn.paaliaq
skathi|satellite.saturn.skathi
skadi|satellite.saturn.skathi
albiorix|satellite.saturn.albiorix
bebhionn|satellite.saturn.bebhionn
erriapus|satellite.saturn.erriapus
erriapo|satellite.saturn.erriapus
siarnaq|satellite.saturn.siarnaq
skoll|satellite.saturn.skoll
tarvos|satellite.saturn.tarvos
tarqeq|satellite.saturn.tarqeq
greip|satellite.saturn.greip
hyrrokkin|satellite.saturn.hyrrokkin
hyrokkin|satellite.saturn.hyrrokkin
mundilfari|satellite.saturn.mundilfari
jarnsaxa|satellite.saturn.jarnsaxa
narvi|satellite.saturn.narvi
bergelmir|satellite.saturn.bergelmir
suttungr|satellite.saturn.suttungr
suttung|satellite.saturn.suttungr
hati|satellite.saturn.hati
bestla|satellite.saturn.bestla
bestia|satellite.saturn.bestla
farbauti|satellite.saturn.farbauti
thrymr|satellite.saturn.thrymr
thrym|satellite.saturn.thrymr
aegir|satellite.saturn.aegir
kari|satellite.saturn.kari
fenrir|satellite.saturn.fenrir
surtur|satellite.saturn.surtur
ymir|satellite.saturn.ymir
loge|satellite.saturn.loge
fornjot|satellite.saturn.fornjot

triton|satellite.neptune.triton
nereid|satellite.neptune.nereid
naiad|satellite.neptune.naiad
thalassa|satellite.neptune.thalassa
despina|satellite.neptune.despina
galatea|satellite.neptune.galatea
larissa|satellite.neptune.larissa
n7 larissa|satellite.neptune.larissa
proteus|satellite.neptune.proteus
n8 proteus|satellite.neptune.proteus
halimede|satellite.neptune.halimede
psamathe|satellite.neptune.psamathe
sao|satellite.neptune.sao
laomedeia|satellite.neptune.laomedeia
neso|satellite.neptune.neso

ariel|satellite.uranus.ariel
umbriel|satellite.uranus.umbriel
titania|satellite.uranus.titania
oberon|satellite.uranus.oberon
miranda|satellite.uranus.miranda
cordelia|satellite.uranus.cordelia
ophelia|satellite.uranus.ophelia
bianca|satellite.uranus.bianca
cressida|satellite.uranus.cressida
desdemona|satellite.uranus.desdemona
juliet|satellite.uranus.juliet
portia|satellite.uranus.portia
rosalind|satellite.uranus.rosalind
cupid|satellite.uranus.cupid
belinda|satellite.uranus.belinda
perdita|satellite.uranus.perdita
puck|satellite.uranus.puck

charon|satellite.134340_pluto.charon
styx|satellite.134340_pluto.styx
nix|satellite.134340_pluto.nix
kerberos|satellite.134340_pluto.kerberos
hydra|satellite.134340_pluto.hydra

1 ceres|dwarf_planet.1_ceres
ceres|dwarf_planet.1_ceres
4 vesta|dwarf_planet.4_vesta
pluto|dwarf_planet.134340_pluto
136108 haumea|dwarf_planet.136108_haumea
136472 makemake|dwarf_planet.136472_makemake


############# Asteroids #############
21 lutetia|asteroid.21_lutetia
243 ida|asteroid.243_ida
ida|asteroid.243_ida
253 mathilde|asteroid.253_mathilde
mathilde|asteroid.253_mathilde
433 eros|asteroid.433_eros
eros|asteroid.433_eros
951 gaspra|asteroid.951_gaspra
gaspra|asteroid.951_gaspra
2867 steins|asteroid.2867_steins
3200 phaethon|asteroid.3200_phaethon
4015 wilson-harrington|asteroid.4015_wilson-harrington
4179 toutatis|asteroid.4179_toutatis
asteroid 4197|asteroid.4197_morpheus
5535 annefrank|asteroid.5535_annefrank
25143 itokawa|asteroid.25143_itokawa
132524 apl|asteroid.132524_apl

10199 chariklo|centaur.10199_chariklo

############# Comets #############
1p/halley 1 (1682 q1)|comet.1p_halley
halley|comet.1p_halley
2p/encke 1 (1818 w1)|comet.2p_encke
4p/faye 1 (1843 w1)|comet.4p_faye
6p/d'arrest 1 (1851 m1)|comet.6p_darrest
7p/ponns-winnecke 1 (1858 e1)|comet.7p_ponns-winnecke
8p/tuttle 1 (1858 a1)|comet.8p_tuttle
9p/tempel 1 (1867 g1)|comet.9p_tempel_1
9p/tempel 1 1867 g1|comet.9p_tempel_1
10p/tempel 2 (1873 n1)|comet.10p_tempel_2
19p/borrelly 1 (1904 y2)|comet.19p_borrelly
21p/giacobini-zinner 1 (1900 y1)|comet.21p_giacobini-zinner
giacobini-zinner|comet.21p_giacobini-zinner
22p/kopff 1 (1906 q1)|comet.22p_kopff
23p/brorsen-metcalf 1 (1847 o1)|comet.23p_brorsen-metcalf
24p/schaumasse 1 (1911 x1)|comet.24p_schaumasse
26p/grigg-skjellerup 1 (1922 k1)|comet.26p_grigg-skjellerup
27p/crommelin 1 (1928 w1)|comet.27p_crommelin
29p/schwassmann-wachmann 1 (1927 v1)|comet.29p_schwassmann-wachmann_1
38p/stephan-oterma 1 (1942 v1)|comet.38p_stephan-oterma
45p/honda-mrkos-pajdusakova 1 (1948 x1)|comet.45p_honda-mrkos-pajdusakova
46p/wirtanen 1 (1948 a1)|comet.46p_wirtanen
46p/wirtanen|comet.46p_wirtanen
49p/arend-rigaux 1 (1951 c2)|comet.49p_arend-rigaux
55p/tempel-tuttle 1 (1865 y1)|comet.55p_tempel-tuttle
67p/churyumov-gerasimenko 1 (1969 r1)|comet.67p_churyumov-gerasimenko
67p/churyumov-gerasimenko 1 1969 r1|comet.67p_churyumov-gerasimenko
81p/wild 2 (1978 a2)|comet.81p_wild_2
97p/metcalf-brewington 1 (1906 v2)|comet.97p_metcalf-brewington
98p/takamizawa 1 (1984 o1)|comet.98p_takamizawa
103p/hartley 2 (1986 e2)|comet.103p_hartley_2
109p/swift-tuttle 1 (1862 o1)|comet.109p_swift-tuttle
125p/spacewatch 1 (1991 r2)|comet.125p_spacewatch
126p/iras 1 (1983 m1)|comet.126p_iras
140p/bowell-skiff 1 (1980 e1)|comet.140p_bowell-skiff
141p/machholz 2 (1994 p1-a)|comet.141p_machholz_2

c/ison (2012 s1)|comet.c2012_s1_ison
c/hale-bopp (1995 o1)|comet.c1995_o1_hale-bopp
c/hyakutake (1996 b2)|comet.c1996_b2_hyakutake
c/linear (2002 t7)|comet.c2002_t7_linear
c/linear 2002 t7|comet.c2002_t7_linear
c/tabur (1996 q1)|comet.c1996_q1_tabur

c/austin (1989 x1)|comet.c1989_x1_austin
c/bradfield (1987 p1)|comet.c1987_p1_bradfield
c/hartley-good (1985 r1)|comet.c1985_r1_hartley-good
c/ichimura (1987 w1)|comet.c1987_w1_ichimura
c/levy-rudenko (1984 v1)|comet.c1984_v1_levy-rudenko
c/mcnaught (1987 u3)|comet.c1987_u3_mcnaught
c/nishikawa-takamizawa-tago (1987 b1)|comet.c1987_b1_nishikawa-takamizawa-tago
c/okazaki-levy-rudenko (1989 q1)|comet.c1989_q1_okazaki-levy-rudenko
c/wilson (1986 p1)|comet.c1986_p1_wilson
c/yanaka (1989 a1)|comet.c1989_a1_yanaka
c/zanotta-brewington (1991 y1)|comet.c1991_y1_zanotta-brewington
p/levy 1 (1991 l3)|comet.c1991_l3_levy
p/mcnaught-russell 1 (1994 x1)|comet.c1994_x1_mcnaught-russell

c/austin (1982 m1)|comet.c1982_m1_austin
c/bradfield (1979 y1)|comet.c1979_y1_bradfield
c/cernis (1983 o1)|comet.c1983_o1_cernis
c/garradd (2009 p1)|comet.c2009_p1_garradd
c/iras-araki-alcock (1983 h1)|comet.c1983_h1_iras-araki-alcock
c/meier (1980 v1)|comet.c1980_v1_meier
c/panther (1980 y2)|comet.c1980_y2_panther
c/seargent (1978 t1)|comet.c1978_t1_seargent
c/suga-saigusa-fujikawa (1983 j1)|comet.c1983_j1_suga-saigusa-fujikawa

c/shoemaker-levy (1991 t2)|comet.c1991_t2_shoemaker-levy
#Shoemaker-Levy 9
sl9|comet.sl9

c/soho|comet.soho

eta-aquarid|meteoroid_stream.eta-aquarid

dust|dust.dust
interplanetary dust|dust.dust

############# Stars #############
star|star.star
sun|sun.sun
urn:nasa:pds:context:target:sun.sun|sun.sun
solar wind|plasma_stream.solar_wind
plasma|plasma_stream.solar_wind

16 cyg a|star.16_cyg_a
16 cyg b|star.16_cyg_b
20 cephei|star.20_cephei
31 leo|star.31_leo
42 pegasi|star.42_pegasi
58 aql|star.58_aql
hr 2290|star.hr_2290
hd 22859|star.hd_22859
hd 28099|star.hd_28099
hd 43607|star.hd_43607
hd 60753|star.hd_60753
hd 79447|star.hd_79447
gj 436|star.gj_436

alioth|star.alioth
alpha aur|star.alpha_aur
alpha/beta crv|star.alpha-beta_crv
alpha cas|star.alpha_cas
alpha cen|star.alpha_cen
alpha ori|star.alpha_ori
alpha pav|star.alpha_pav
alpha vir|star.alpha_vir
alpha lyr|star.alpha_lyr
alpha sco|star.alpha_sco
altair|star.altair
achernar|star.achernar
arcturus|star.arcturus
area 98|star.area_98

beta car|star.beta_car
beta cen|star.beta_cen
beta cma|star.beta_cma
beta hyi|star.beta_hyi
beta tau|star.beta_tau
canopus|star.canopus
epsilon centauri|star.epsilon_centauri
epsilon geminorum|star.epsilon_geminorum
eps aqr|star.eps_aqr
eta boo|star.eta_boo
eta carinae|star.eta_carinae
fomalhaut|star.fomalhaut
hat-p-4|star.hat-p-4
hat-p-7|star.hat-p-7

# m7|open_cluster.m7
m7|star.m7
mirzam|star.mirzam
moa-2009-blg-266|star.moa-2009-blg-266
ob star|star.ob_star
orion|star.orion
pleiades|star.pleiades
rigel|star.rigel
scorpius|star.scorpius
sigma sgr|star.sigma_sgr
sirius|star.sirius
spica|star.spica
tau sco|star.tau_sco
tres-2|star.tres-2
tres-3|star.tres-3

vega|star.alpha_lyr
wasp-3|star.wasp-3
xo-2|star.xo-2
xo-3|star.xo-3
zeta cas|star.zeta_cas
zeta oph|star.zeta_oph

m 1|nebula.m_1
m 31|nebula.m_31
m 42|nebula.m_42
m42|nebula.m_42
m 78|nebula.m_78
m 79|nebula.m_79
emission nebula|nebula.emission_nebula
reflection nebula|nebula.reflection_nebula


##### TODO: FIX
asteroid|asteroid.asteroid
comet|comet.comet

##### Calibration
calibration|calibration.calibration
bias|calibration.calibration
urn:nasa:pds:context:target:calibration.bias|calibration.calibration
dark|calibration.calibration
scat light|calibration.calibration
dark sky|calibration.calibration
black sky|calibration.calibration
sky|calibration.calibration
cal target|calibration.calibration
calimg|calibration.calibration
space|calibration.calibration
spacecraft deck|calibration.calibration
starfield|calibration.calibration
deep space|calibration.calibration
responsivity|calibration.calibration
internal source|calibration.calibration
test image|calibration.calibration
cal lamps|calibration.calibration
flat field|calibration.calibration
ff lamp|calibration.calibration
plaque|calibration.calibration
urn:nasa:pds:context:target:calibration.non science|calibration.calibration
urn:nasa:pds:context:target:calibration.dark sky|calibration.calibration
